Query,Last 28 days Clicks,Previous 28 days Clicks,Last 28 days Impressions,Previous 28 days Impressions,Last 28 days CTR,Previous 28 days CTR,Last 28 days Position,Previous 28 days Position
gallery tool,53,55,89,94,59.55%,58.51%,1,1
gallerytool,34,34,49,58,69.39%,58.62%,1,1
exhibition design software,7,10,50,53,14%,18.87%,1.92,2.11
instagram galleries,6,3,123,112,4.88%,2.68%,5.25,5.19
free art inventory software,5,1,38,44,13.16%,2.27%,8.53,9.16
jacques flechemuller,5,3,28,24,17.86%,12.5%,5.61,5.46
instagram art gallery,4,4,117,114,3.42%,3.51%,7.07,7.69
gallery tools,4,6,18,27,22.22%,22.22%,1.72,1.15
exhibit design software,4,1,16,12,25%,8.33%,2.12,6.25
art gallery instagram,3,3,94,80,3.19%,3.75%,7.46,7.65
instagram art exhibition,3,2,22,25,13.64%,8%,5.55,6.04
3d exhibition design software,3,1,17,17,17.65%,5.88%,2.12,2.35
art galleries instagram,3,0,17,7,17.65%,0%,4.35,4.29
art and tech,2,3,90,99,2.22%,3.03%,9.87,10.02
tokyo artist residency,2,3,23,19,8.7%,15.79%,7.52,7.26
art galleries on instagram,2,3,21,20,9.52%,15%,3.52,3.65
3d exhibition software,2,1,18,25,11.11%,4%,9.22,5.8
software for exhibition design,2,1,6,1,33.33%,100%,1.17,1
art gallery software,1,4,282,281,0.35%,1.42%,10.56,11.18
instagram gallery,1,1,230,341,0.43%,0.29%,13.24,12.47
art gallery plan,1,0,162,202,0.62%,0%,12.57,12.97
artist statement,1,0,105,2,0.95%,0%,30.7,96.5
art gallery management software,1,2,92,127,1.09%,1.57%,6.3,6.61
3d exhibition design,1,0,82,90,1.22%,0%,19.52,28.54
best galleries for emerging artists,1,2,67,59,1.49%,3.39%,8.21,9.39
top gallery,1,0,59,39,1.69%,0%,12.34,12.44
exhibition software,1,0,47,39,2.13%,0%,9.45,9.92
galleries for emerging artists,1,1,46,40,2.17%,2.5%,9.83,11.75
exhibition design plan,1,0,40,41,2.5%,0%,7.75,8.2
exhibition gallery plan,1,0,30,13,3.33%,0%,10.83,11.08
free art gallery software,1,2,28,40,3.57%,5%,7.29,8.1
art inventory,1,0,23,15,4.35%,0%,16.09,26.6
best art gallery instagram accounts,1,3,22,28,4.55%,10.71%,3.36,4.04
flechemuller,1,0,19,7,5.26%,0%,6.95,10.57
top galleries for emerging artists,1,0,19,13,5.26%,0%,7.89,9.31
museum exhibit design software,1,0,18,14,5.56%,0%,4.67,4.64
online art gallery software,1,0,18,19,5.56%,0%,9.83,10.21
galleries for new artists,1,0,18,8,5.56%,0%,9.94,12.88
art gallery layout plan,1,1,16,24,6.25%,4.17%,8.94,8.04
art inventory management software,1,0,13,24,7.69%,0%,10.85,10.75
instagram contemporary art,1,0,10,12,10%,0%,10.5,8.75
japan artist residency,1,0,9,7,11.11%,0%,23.89,24.43
art inventory app,1,0,9,7,11.11%,0%,29,32.57
exhibition planning software,1,0,8,9,12.5%,0%,1,1.11
art gallery planning,1,0,7,0,14.29%,0%,8,0
emerging artist galleries,1,0,5,4,20%,0%,11.2,11.25
how to write a artist biography,1,0,3,0,33.33%,0%,14,0
modern art instagram,1,0,3,5,33.33%,0%,15.33,16.2
galley tool,1,0,1,0,100%,0%,1,0
exhibition design,0,0,691,625,0%,0%,56.75,57.75
artwork management software,0,0,493,397,0%,0%,22.91,22.59
gifc,0,1,397,348,0%,0.29%,7.01,7.59
artwork management,0,0,296,244,0%,0%,65.67,67.65
online exhibition software,0,0,235,213,0%,0%,68.93,53.68
artist management software,0,0,217,176,0%,0%,36.11,37.48
exhibition plan,0,0,170,160,0%,0%,36.17,44.12
artwork management system,0,0,153,129,0%,0%,49.15,53.71
how to write an artist statement,0,0,122,90,0%,0%,41.66,81.62
art inventory software,0,0,104,139,0%,0%,26.89,28.18
art management software,0,0,95,114,0%,0%,10.27,11.85
instagram art,0,0,92,93,0%,0%,34.62,23.87
artwork software,0,0,90,115,0%,0%,29.22,29.65
art dealer instagram,0,0,87,25,0%,0%,9.28,9.76
how to plan an exhibition,0,0,85,90,0%,0%,43.11,45.03
gallery management software,0,1,76,71,0%,1.41%,6.16,6.25
the gallerist,0,0,75,13,0%,0%,84.67,82.54
artist inventory sheet,0,0,68,92,0%,0%,14.24,12
gallery software,0,0,68,67,0%,0%,15.75,22.25
exhibition space plan,0,1,63,82,0%,1.22%,9.48,9.16
digital artwork management,0,0,63,45,0%,0%,24.41,20.91
art gallery management,0,0,59,73,0%,0%,19.17,18.56
virtual art gallery,0,0,56,44,0%,0%,74.7,75.64
instagram world,0,0,55,11,0%,0%,39,63.45
planning an exhibition,0,0,55,62,0%,0%,47.64,47.98
tool artwork,0,0,51,63,0%,0%,59,45.79
artist management software free,0,0,49,60,0%,0%,61.61,58.78
art exhibition design,0,0,47,52,0%,0%,5.45,3.52
best art galleries,0,0,46,25,0%,0%,54,49.12
artwork intertwined,0,0,45,48,0%,0%,9.93,10.94
art collector contacts,0,0,45,4,0%,0%,90.16,83.75
exhibition software programs,0,0,44,34,0%,0%,16.45,16.65
free galleries,0,0,44,2,0%,0%,85.86,93.5
exhibition design sketch,0,0,42,6,0%,0%,37.67,53.83
top 5 instagram,0,0,42,22,0%,0%,55.93,49.27
best exhibition design,0,0,42,31,0%,0%,59.86,85.65
perfect artist,0,0,41,36,0%,0%,6.88,7.94
art gallery design,0,0,41,59,0%,0%,50.41,49.22
exhibition layout plan,0,0,39,39,0%,0%,10.54,10.62
london art calendar,0,0,39,8,0%,0%,73.62,82.12
london art fair calendar,0,0,36,38,0%,0%,13.81,18.5
cancel art galleries instagram,0,1,35,17,0%,5.88%,7.03,8.18
art follow,0,0,34,28,0%,0%,9.32,8.96
art collaborations,0,0,34,34,0%,0%,58.94,62.68
how to manage artists,0,0,34,48,0%,0%,80.06,79.77
art enthusiast instagram,0,0,32,3,0%,0%,8.75,6.67
exhibition layout design,0,1,32,20,0%,5%,9.47,12.15
art exhibition floor plan,0,0,32,23,0%,0%,10.06,10.83
free online art gallery for artists,0,0,32,27,0%,0%,60.66,77.41
artist management app,0,0,32,37,0%,0%,83.12,77.35
best art gallery software,0,0,31,41,0%,0%,12.48,15.39
tech in art,0,0,31,26,0%,0%,18.16,21
3d exhibition layout,0,1,30,30,0%,3.33%,4.17,4.53
art fair calendar,0,1,30,34,0%,2.94%,7.67,10.24
best free art gallery software,0,0,30,36,0%,0%,8.93,10.06
art exhibition layout,0,0,30,13,0%,0%,9.23,8.85
art collection management/art inventory management,0,0,30,40,0%,0%,17.77,21.3
global artwork management software,0,0,30,10,0%,0%,48.77,71.4
digital galleries,0,0,30,20,0%,0%,85.37,91.4
art galleries for new artists,0,0,29,22,0%,0%,23.45,31.55
gallery plan,0,0,29,32,0%,0%,59.07,68.81
best art gallery berlin,0,0,29,30,0%,0%,75.83,80.13
packaging & artworks,0,0,28,28,0%,0%,82.54,76.36
artwork tool,0,0,27,29,0%,0%,48.7,51.79
exhibition planner,0,0,27,27,0%,0%,74.04,80
kepesita collection,0,0,26,7,0%,0%,8.35,9.57
bulk edit image,0,0,26,27,0%,0%,83.08,76.44
that art fair 2019,0,0,25,26,0%,0%,47.08,40.65
plan design software,0,0,25,43,0%,0%,72.76,67.37
art gallery layout,0,0,24,12,0%,0%,6.58,10.42
top5 instagram,0,0,24,20,0%,0%,13.62,16.2
art fairs in london 2019,0,0,24,4,0%,0%,47.29,62.75
exhibition space design,0,0,24,26,0%,0%,57.46,48.08
art follow instagram,0,0,23,12,0%,0%,13,13.33
gallery instagram,0,0,23,35,0%,0%,13.7,13.29
instagram cancel art galleries,0,0,22,0,0%,0%,7.14,0
art tech,0,0,22,17,0%,0%,69.36,70.29
online gallery software,0,0,21,18,0%,0%,12.33,15.67
contemporary art dealer,0,0,21,18,0%,0%,64.33,80.72
sketchup exhibition design,0,0,20,9,0%,0%,8.95,9.33
art collection management software,0,0,20,20,0%,0%,44.1,52.15
arte basel 2017,0,0,20,5,0%,0%,76.25,96.4
free artwork software,0,0,20,5,0%,0%,93.1,88
art accounts follow instagram,0,0,19,17,0%,0%,17.05,15.47
young galleries,0,0,19,18,0%,0%,39.05,36.83
art basel 2017,0,0,19,21,0%,0%,58.11,66.52
art gallery design layout,0,0,18,25,0%,0%,6.72,12.96
art fairs 2019,0,1,18,17,0%,5.88%,8.56,12.47
how to design an exhibition,0,0,18,20,0%,0%,32.72,41.95
web-based artwork management,0,0,18,6,0%,0%,33.06,46.17
writing an artist statement,0,0,18,3,0%,0%,45.67,126.67
art fairs calendar,0,0,17,20,0%,0%,7.47,8.05
art post gallery,0,0,17,19,0%,0%,31.41,30.95
best art instagram accounts,0,0,17,20,0%,0%,36.53,37.85
3d galleries,0,0,17,11,0%,0%,66,83.09
what is an artist statement,0,0,17,0,0%,0%,78.12,0
art gallery program design,0,1,16,10,0%,10%,4.69,6
tools for artwork management,0,0,16,16,0%,0%,12,13.56
virtual art exhibition software,0,0,16,0,0%,0%,55.62,0
best art galleries in the world,0,0,16,10,0%,0%,67.69,57.8
exhibition space design plan,0,1,15,23,0%,4.35%,9.2,8.52
artist inventory software,0,0,15,21,0%,0%,17.27,24.29
best art instagrams,0,0,15,24,0%,0%,21,20.92
design gallery software,0,0,15,18,0%,0%,21.87,20.78
management of art galleries,0,0,15,15,0%,0%,41.07,36.53
3d exhibition,0,0,15,1,0%,0%,44.93,92
art page names for instagram,0,0,15,11,0%,0%,46.6,43
cool art gallery names,0,0,15,14,0%,0%,71.07,85
art gallery names,0,0,15,0,0%,0%,92.07,0
intertwined art,0,0,14,16,0%,0%,9.07,8.88
exhibition plan design,0,0,14,18,0%,0%,9.79,8.33
contemporary art instagram,0,0,14,12,0%,0%,10.5,9.5
art inventory management,0,0,14,15,0%,0%,15.5,15.87
galleries 4 free,0,0,14,12,0%,0%,23.07,19.25
exhibition design programs,0,0,14,18,0%,0%,30.64,34.33
art gallery business plan,0,0,14,8,0%,0%,93.64,99
best instagram gallery,0,0,13,18,0%,0%,4.77,5.33
art fair 2019,0,0,13,20,0%,0%,16.62,12.95
art gallery database,0,0,13,10,0%,0%,19.69,17.9
how to write artist statement,0,0,13,11,0%,0%,27.46,68
4artechnologies,0,0,13,4,0%,0%,28.54,53.25
art database software,0,0,13,15,0%,0%,36.92,38
top art dealers in the world,0,0,13,10,0%,0%,45.85,40.8
write an artist statement,0,0,13,1,0%,0%,47.08,101
best artists on instagram,0,0,13,0,0%,0%,50,0
best art dealer london,0,0,13,17,0%,0%,65.08,65.88
top galleries in london,0,0,13,29,0%,0%,81,52.34
instagram art galleries,0,3,12,28,0%,10.71%,3.17,3.32
gallery space plan,0,0,12,7,0%,0%,9.08,7.43
how to write an artist biography,0,0,12,10,0%,0%,19.92,34.7
art gallery manager,0,0,12,12,0%,0%,70,67.92
exhibition design blog,0,0,12,2,0%,0%,81.25,90
best artwork management,0,0,11,12,0%,0%,14.73,16.58
art collection management software free,0,0,11,10,0%,0%,21.18,26.9
artist database software,0,0,11,10,0%,0%,24.55,35.1
gallery management,0,0,11,19,0%,0%,25.82,18.16
exhibition layout,0,0,11,12,0%,0%,30.82,27.33
artwork catalog,0,0,11,9,0%,0%,31.91,31.22
best name for art page on instagram,0,0,11,8,0%,0%,35.09,38
road to collection,0,0,11,0,0%,0%,45.82,0
new art gallery,0,0,11,6,0%,0%,51.91,70.33
free art software,0,0,11,12,0%,0%,92.09,84.5
free online art galleries for artists,0,0,11,3,0%,0%,92.64,90
artwork gallery online,0,0,11,0,0%,0%,168.09,0
software for art galleries,0,1,10,12,0%,8.33%,7.1,7.92
art management software free,0,0,10,28,0%,0%,8.2,10.14
free art collection management software,0,0,10,9,0%,0%,15.5,15.44
maxwhere,0,0,10,4,0%,0%,23.2,21
artist statements,0,0,10,0,0%,0%,55.8,0
galleries looking for new artists,0,0,10,6,0%,0%,56.4,69.17
building inventory software,0,0,10,7,0%,0%,64.6,60.86
art design software,0,0,10,14,0%,0%,77.1,63.86
free gallery,0,0,10,1,0%,0%,86.1,103
art gallery inventory software,0,1,9,15,0%,6.67%,8.56,9.13
art world instagram,0,1,9,10,0%,10%,10.11,8.6
art business software,0,0,9,7,0%,0%,10.67,11.43
art gallery plans,0,1,9,8,0%,12.5%,15.67,18.88
supermarket art fair 2019,0,0,9,11,0%,0%,35.78,42.55
software for artists,0,0,9,11,0%,0%,52,55
inventory database with pictures,0,0,9,1,0%,0%,66.67,47
3d virtual gallery,0,0,9,4,0%,0%,70.33,77.75
3d layout design software,0,0,9,4,0%,0%,74.22,89
how to write biography,0,0,9,0,0%,0%,89.67,0
instagram art show,0,2,8,16,0%,12.5%,8.38,6.19
unit london instagram,0,0,8,14,0%,0%,8.38,7.36
gallery on instagram,0,1,8,9,0%,11.11%,9.38,9
galleries that show emerging artists,0,0,8,0,0%,0%,10.38,0
how to write artist biography,0,0,8,2,0%,0%,13.5,30.5
3d gallery software,0,0,8,0,0%,0%,14.88,0
how to prepare for your first art show,0,0,8,9,0%,0%,24.88,23.44
new art galleries,0,0,8,5,0%,0%,34.88,62.6
how to write an artists statement,0,0,8,10,0%,0%,37.88,55.9
share artwork,0,0,8,8,0%,0%,51.62,56.38
art in technology,0,0,8,9,0%,0%,52.5,49.56
free online gallery for artists,0,0,8,7,0%,0%,56.12,56.29
artwork management solutions,0,0,8,7,0%,0%,63.25,67
exhibition wall design,0,0,8,11,0%,0%,79.12,81.91
insta aer,0,0,7,9,0%,0%,4.71,4.78
marta balla,0,0,7,9,0%,0%,5.29,4.44
best free art inventory software for artists,0,1,7,3,0%,33.33%,12,16
art inventory template,0,0,7,15,0%,0%,14.86,13.53
how to write an artist bio,0,0,7,2,0%,0%,17,61.5
art accounts follow now,0,0,7,23,0%,0%,17.57,16.78
software exhibition,0,0,7,7,0%,0%,39.57,43.71
artwork management help,0,0,7,3,0%,0%,43.86,46.67
artwork management for enterprises,0,0,7,3,0%,0%,45.86,46
bulkresizer,0,0,7,10,0%,0%,58.29,52.6
new billionaires,0,0,7,6,0%,0%,65,68
art collection database software,0,0,7,3,0%,0%,68.57,73.33
art inventory software for mac,0,0,7,5,0%,0%,71.57,73.6
parallax art fair london 2019,0,0,7,9,0%,0%,75.71,76.33
berlin art fair 2019,0,0,7,4,0%,0%,78.86,72.25
how to run an art gallery,0,0,7,10,0%,0%,81.29,88.9
exhibition planning,0,1,7,7,0%,14.29%,93.14,93
software for collectors,0,0,7,8,0%,0%,94.86,78.25
layout planning software,0,0,7,11,0%,0%,95.14,93.82
gallery exhibition design,0,0,6,10,0%,0%,4.83,3.9
manage art,0,0,6,8,0%,0%,4.83,6
art galleries for emerging artists,0,0,6,5,0%,0%,10.17,10.6
my art collection software,0,0,6,5,0%,0%,14.83,15.4
art exhibition plan,0,0,6,0,0%,0%,16.33,0
art gallery management system,0,0,6,2,0%,0%,18.17,6
plan exhibition,0,0,6,9,0%,0%,23.17,55.67
art inventory database,0,0,6,4,0%,0%,24.67,25.5
best art accounts instagram,0,0,6,5,0%,0%,25.5,24.2
3d virtual art gallery,0,1,6,8,0%,12.5%,27.83,25.75
software gallery,0,0,6,5,0%,0%,35.5,28.2
art curators on instagram,0,0,6,6,0%,0%,36.67,39.5
exhibition floor plan design,0,0,6,4,0%,0%,40.67,38.25
art gallery setup,0,0,6,5,0%,0%,49,48.2
affordable art fair amsterdam 2018,0,0,6,7,0%,0%,56,69.14
artist booking software,0,0,6,0,0%,0%,56.5,0
an artist statement,0,0,6,0,0%,0%,57.67,0
menero,0,0,6,7,0%,0%,58.5,49.71
top art galleries in the world,0,0,6,2,0%,0%,59,46
share your artwork,0,0,6,7,0%,0%,63.5,64.14
virtual art gallery software,0,0,6,10,0%,0%,76.33,77.8
art instagram accounts,0,0,6,5,0%,0%,82.5,80.2
free gallerys,0,0,6,0,0%,0%,85.67,0
best art in the world,0,0,6,2,0%,0%,89.33,100
3d decorating software,0,0,6,3,0%,0%,97.33,96.67
instagram://user?username=arash_art_gallery,0,0,5,4,0%,0%,8.8,6.75
peres projects instagram,0,0,5,4,0%,0%,10.6,11
artfaircalendar,0,0,5,7,0%,0%,18.4,17.71
5 art gallery,0,0,5,3,0%,0%,18.6,20
exhibition 3d design,0,0,5,6,0%,0%,19.8,22
art accounts follow instagram now,0,0,5,7,0%,0%,23.8,30.29
best art accounts on instagram,0,0,5,3,0%,0%,26,24
art in the digital age,0,0,5,3,0%,0%,29.2,54.67
art accounts instagram now,0,0,5,3,0%,0%,31.4,37.33
exhibition gallery design,0,0,5,5,0%,0%,32.4,11.2
art database software free,0,0,5,2,0%,0%,34,30
art fair gallery,0,0,5,1,0%,0%,36.6,46
digital exhibition software,0,0,5,14,0%,0%,37.6,38.86
how to set up an art gallery,0,0,5,13,0%,0%,38.2,41.31
art gallery program,0,0,5,15,0%,0%,40,15.27
artist management tools,0,0,5,6,0%,0%,51.4,54
illustration fairs 2019,0,0,5,1,0%,0%,56.6,61
promoting art on instagram,0,0,5,13,0%,0%,60.8,64.15
photo gallery management software,0,0,5,10,0%,0%,71.2,58.5
painters on instagram,0,0,5,3,0%,0%,77,79
furniture arrangement software,0,0,5,0,0%,0%,78,0
free galery,0,0,5,0,0%,0%,87.4,0
gallerist,0,0,5,0,0%,0%,88.4,0
virtual exhibition software,0,0,5,4,0%,0%,97.2,89.5
tools gallery,0,0,4,5,0%,0%,6.75,6
instagram art store,0,0,4,0,0%,0%,7.75,0
top 5 art,0,0,4,2,0%,0%,8.25,5.5
art fair calendar 2020,0,0,4,2,0%,0%,9.25,9
art fair schedule,0,0,4,2,0%,0%,9.25,10
how to inventory art collection,0,0,4,1,0%,0%,10.25,15
insta gallery,0,0,4,1,0%,0%,12.25,14
kepesita,0,0,4,0,0%,0%,13.25,0
artworks software,0,0,4,1,0%,0%,14.25,72
show design software,0,0,4,1,0%,0%,15,13
top galleries,0,0,4,3,0%,0%,15.25,19.67
fair calendar,0,0,4,3,0%,0%,16,11
art inventory excel,0,0,4,2,0%,0%,18,41.5
manage artworks,0,0,4,3,0%,0%,18.5,17.67
instagram art accounts to follow,0,0,4,3,0%,0%,21.5,19.67
los angeles art galleries for emerging artists,0,0,4,3,0%,0%,26.75,29.33
best art gallery,0,0,4,4,0%,0%,28,26.25
gallerist instagram,0,0,4,5,0%,0%,28.25,24
artist statment,0,0,4,0,0%,0%,29.75,0
instagram for art,0,0,4,6,0%,0%,35,31.5
online exhibition design,0,0,4,4,0%,0%,37.25,29.25
what is an art fair,0,0,4,3,0%,0%,39.5,42.67
3d virtual art gallery software free,0,0,4,3,0%,0%,39.75,39.33
art of the digital age,0,0,4,0,0%,0%,44,0
name for art page on instagram,0,0,4,6,0%,0%,46,41.17
the art of coding,0,0,4,5,0%,0%,55.25,46
emerging artist galleries london,0,0,4,3,0%,0%,55.75,39.33
best art gallery in the world,0,0,4,4,0%,0%,56.5,62.25
tool artwork artist,0,0,4,9,0%,0%,57.75,50.56
how to start an art business on instagram,0,0,4,4,0%,0%,60.75,62.25
exhibition room design,0,0,4,5,0%,0%,64,37.8
art dealers safe,0,0,4,1,0%,0%,68.25,73
tool art,0,0,4,4,0%,0%,70.75,89.5
free gallary,0,0,4,0,0%,0%,76.25,0
galleries free,0,0,4,0,0%,0%,79,0
international art galleries,0,0,4,5,0%,0%,88.25,95.6
create 360 art gallery,0,0,4,0,0%,0%,89,0
social media painters,0,0,4,0,0%,0%,90.25,0
contemporary art collectors,0,0,4,0,0%,0%,96.75,0
artist,0,0,3,0,0%,0%,3,0
how to make art,0,0,3,2,0%,0%,6.67,7
hungry for art,0,0,3,5,0%,0%,7.33,8.2
gallery management system,0,0,3,5,0%,0%,8.67,7.6
art & tech,0,0,3,1,0%,0%,9,9
exhibition design layout,0,0,3,4,0%,0%,9.67,10.75
plan art gallery,0,0,3,0,0%,0%,10,0
artwork inventory,0,0,3,1,0%,0%,10.33,17
billionaire art collectors,0,0,3,4,0%,0%,10.67,14.75
artist billionaires,0,0,3,0,0%,0%,11.67,0
artwork inventory software,0,0,3,3,0%,0%,11.67,19.67
floor plan exhibition design,0,0,3,0,0%,0%,12.67,0
artwork inventory template,0,0,3,11,0%,0%,13.67,6.73
art inventory template excel,0,0,3,0,0%,0%,17,0
best art inventory software for artists,0,0,3,2,0%,0%,17,25
tech and art,0,0,3,2,0%,0%,18.67,17.5
writing an artist biography,0,0,3,2,0%,0%,19.33,36.5
virtual gallery space,0,0,3,13,0%,0%,20.33,18.77
artist inventory,0,0,3,3,0%,0%,22.67,28.67
exhibition floor plan software free,0,0,3,1,0%,0%,29,24
rich art collectors,0,0,3,2,0%,0%,29.67,37.5
how to plan an art show,0,0,3,5,0%,0%,30.33,27.4
free museum exhibit mockup,0,0,3,3,0%,0%,31,30
artist residency japan,0,0,3,9,0%,0%,33.67,32.11
art gallery database management system,0,0,3,6,0%,0%,35.67,35.83
art instagrams,0,0,3,4,0%,0%,37.67,44.5
gallerists,0,0,3,3,0%,0%,43.33,71.33
designing an exhibition,0,0,3,4,0%,0%,46.33,49.25
designing an art gallery,0,0,3,2,0%,0%,46.67,40.5
artwork manager,0,0,3,5,0%,0%,49,42.6
biggest art dealers,0,0,3,2,0%,0%,50.67,42
how to run a successful art gallery,0,0,3,5,0%,0%,51.33,53
inventory coding techniques,0,0,3,6,0%,0%,52.33,49.83
sketchup blueprint software,0,0,3,1,0%,0%,53.67,48
3d virtual exhibition software,0,0,3,2,0%,0%,55.33,39.5
virtual exhibition software free,0,0,3,5,0%,0%,55.67,50.8
software artists,0,0,3,4,0%,0%,56,63
bulk and cut pictures,0,0,3,1,0%,0%,59,62
top art dealers,0,0,3,3,0%,0%,61.67,53.33
agnes koller,0,0,3,2,0%,0%,62.67,55
interior design mockup tool,0,0,3,1,0%,0%,63.33,67
international art fair,0,0,3,5,0%,0%,63.67,63.2
how to get your artwork in a gallery,0,0,3,3,0%,0%,64,76.67
arttech,0,0,3,8,0%,0%,67.33,68.75
3d art galleries,0,0,3,6,0%,0%,67.67,80
bulk image edit,0,0,3,1,0%,0%,69.67,85
instagram gallery design,0,0,3,1,0%,0%,71,49
art gallery,0,0,3,0,0%,0%,73,0
online art software,0,0,3,4,0%,0%,77,86.25
free exhibition mockup,0,0,3,6,0%,0%,78,70
tool art work,0,0,3,6,0%,0%,79.67,59.5
instagram art account,0,0,3,2,0%,0%,80,97
bulk edit images,0,0,3,3,0%,0%,82,62.33
virtual art galleries,0,0,3,1,0%,0%,83,91
3d digital art gallery,0,0,3,1,0%,0%,86,94
technology art projects,0,0,3,2,0%,0%,87,97.5
buy art basel tickets,0,0,3,1,0%,0%,89.33,98
exhibit your art for free,0,0,3,0,0%,0%,91,0
digital art gallery online,0,0,3,0,0%,0%,97.67,0
tool galleries,0,0,2,10,0%,0%,6,8.5
artwork art inventory template,0,0,2,4,0%,0%,8,8.75
gallery exhibition floor plan,0,0,2,1,0%,0%,8.5,10
artwork inventory management software,0,0,2,0,0%,0%,9.5,0
an art gallery it's somewhere,0,0,2,0,0%,0%,10,0
gallery layout plan,0,0,2,1,0%,0%,10,10
gallery design plan,0,0,2,2,0%,0%,10.5,10.5
force follow instagram,0,0,2,2,0%,0%,11,8.5
exhibition space planning,0,0,2,2,0%,0%,11.5,6.5
emerging artist gallery,0,0,2,2,0%,0%,12.5,36.5
software artwork,0,0,2,1,0%,0%,13,24
art inventory software for collectors,0,0,2,2,0%,0%,13.5,18
artistic globe instagram,0,0,2,0,0%,0%,15.5,0
photo gallery instagram,0,0,2,2,0%,0%,18.5,18
top instagram art accounts,0,0,2,2,0%,0%,18.5,24.5
best art instagrams to follow,0,0,2,2,0%,0%,19.5,19.5
exhibition space layout,0,0,2,0,0%,0%,20.5,0
japan art residency,0,0,2,3,0%,0%,20.5,20.33
emerging art galleries,0,0,2,4,0%,0%,23,27.75
top art gallery,0,0,2,0,0%,0%,24.5,0
best art instagram,0,0,2,1,0%,0%,26,27
chris rexroad,0,0,2,6,0%,0%,26.5,14.83
artist stement,0,0,2,0,0%,0%,29,0
3d virtual art,0,0,2,0,0%,0%,30,0
best gallery in the world,0,0,2,0,0%,0%,30,0
art residency japan,0,0,2,1,0%,0%,31,28
johann könig instagram,0,0,2,0,0%,0%,31.5,0
create your own 3d virtual art gallery,0,0,2,1,0%,0%,32,34
art fair 2018,0,0,2,2,0%,0%,32.5,27.5
art inventory list,0,0,2,5,0%,0%,32.5,12.4
art statement,0,0,2,0,0%,0%,33,0
planning an art exhibition,0,0,2,2,0%,0%,33.5,39
plan of art gallery,0,0,2,1,0%,0%,34,35
hungary billionaires,0,0,2,1,0%,0%,35,48
simple exhibition floor plan,0,0,2,0,0%,0%,35,0
instagram photo art,0,0,2,2,0%,0%,35.5,36
most popular instagram artists,0,0,2,1,0%,0%,35.5,38
top painters on instagram,0,0,2,2,0%,0%,35.5,35
art name for instagram,0,0,2,1,0%,0%,37.5,41
writing artist statement,0,0,2,1,0%,0%,37.5,92
gallery set up,0,0,2,2,0%,0%,38,36
m jacques artist,0,0,2,5,0%,0%,38.5,31.2
software for art,0,0,2,1,0%,0%,38.5,50
biggest art dealers in the world,0,0,2,1,0%,0%,39,42
how to list artwork,0,0,2,1,0%,0%,39.5,44
virtual exhibition freeware,0,0,2,3,0%,0%,40,37
artist bio examples,0,0,2,0,0%,0%,40.5,0
the gallery instagram,0,0,2,2,0%,0%,40.5,31
art accounts instagram,0,0,2,0,0%,0%,41.5,0
planning an exhibit program,0,0,2,0,0%,0%,42,0
free gallery software,0,0,2,4,0%,0%,43,44.25
good instagram names for artists,0,0,2,0,0%,0%,45,0
tool artists,0,0,2,4,0%,0%,45,43
3d art exhibition,0,0,2,6,0%,0%,46,63.5
art page instagram,0,0,2,3,0%,0%,47,46
instagram paint,0,0,2,0,0%,0%,48,0
design art software,0,0,2,2,0%,0%,48.5,72
free software for artists,0,0,2,1,0%,0%,49.5,33
affordable art fair milano,0,0,2,6,0%,0%,50.5,69.67
art gallery valencia,0,0,2,1,0%,0%,50.5,33
why write an artist statement,0,0,2,0,0%,0%,50.5,0
world instagram,0,0,2,4,0%,0%,51.5,61.25
instagram art accounts,0,0,2,0,0%,0%,53,0
instagram accounts that feature artists,0,0,2,4,0%,0%,53.5,71
best art dealers in the world,0,0,2,2,0%,0%,54.5,47
artist bio on instagram,0,0,2,1,0%,0%,55.5,78
top commercial art galleries in the world,0,0,2,2,0%,0%,55.5,32
artist residencies in japan,0,0,2,2,0%,0%,56,69.5
best galleries,0,0,2,1,0%,0%,56,20
artistic bio for instagram,0,0,2,0,0%,0%,58,0
how to post digital art on instagram,0,0,2,1,0%,0%,59,58
digital artwork gallery,0,0,2,3,0%,0%,59.5,81.67
social media art gallery,0,0,2,1,0%,0%,60.5,79
design plan software,0,0,2,3,0%,0%,61,52
best art dealers,0,0,2,3,0%,0%,64,58
best contemporary art galleries in the world,0,0,2,5,0%,0%,64,53.6
floorplanner gallery,0,0,2,1,0%,0%,64,71
edit artwork online,0,0,2,2,0%,0%,64.5,74.5
how to create an online art gallery,0,0,2,2,0%,0%,64.5,75
successful art galleries,0,0,2,0,0%,0%,64.5,0
tools artwork,0,0,2,0,0%,0%,64.5,0
how to photograph your artwork for instagram,0,0,2,1,0%,0%,66,72
best art gallery in london,0,0,2,0,0%,0%,67.5,0
the art of getting started,0,0,2,2,0%,0%,68.5,65
get art followers instagram,0,0,2,1,0%,0%,69,65
valencia art gallery,0,0,2,3,0%,0%,69.5,53.67
art gallery pdf,0,0,2,1,0%,0%,70.5,30
art world gallery,0,0,2,6,0%,0%,70.5,71.17
artwork software free,0,0,2,0,0%,0%,72,0
artist in residence japan,0,0,2,4,0%,0%,73.5,75
email artwork,0,0,2,3,0%,0%,73.5,56
art gallerist,0,0,2,2,0%,0%,74,70.5
create an online art gallery,0,0,2,2,0%,0%,75,79
planify pro,0,0,2,1,0%,0%,75,66
quick starter,0,0,2,2,0%,0%,75.5,66
what to include in an artist statement,0,0,2,0,0%,0%,75.5,0
art design software free,0,0,2,0,0%,0%,76.5,0
layout software sketchup,0,0,2,2,0%,0%,77.5,74.5
17 mar 2019,0,0,2,1,0%,0%,78.5,81
define intertwined,0,0,2,6,0%,0%,79,79
collectors software,0,0,2,2,0%,0%,80,100
online catalog of professional artists,0,0,2,1,0%,0%,82.5,94
art of coding,0,0,2,5,0%,0%,83,67
art gallery designs,0,0,2,1,0%,0%,84,95
calendar 2018 france,0,0,2,1,0%,0%,86,42
gallerist app,0,0,2,1,0%,0%,87,85
the best art in the world,0,0,2,2,0%,0%,89.5,85.5
art gallery business plan example,0,0,2,0,0%,0%,90,0
art fair display,0,0,2,0,0%,0%,90.5,0
art fairs in london,0,0,2,1,0%,0%,90.5,94
museum exhibition plan,0,0,2,2,0%,0%,90.5,94.5
world art gallery,0,0,2,0,0%,0%,90.5,0
free online art software,0,0,2,0,0%,0%,91,0
design exhibition,0,0,2,1,0%,0%,95,94
art geneve 2019,0,0,2,0,0%,0%,95.5,0
how to start an online art gallery business,0,0,2,0,0%,0%,96.5,0
exhibition planners,0,0,2,0,0%,0%,97,0
artwork online gallery,0,0,2,1,0%,0%,97.5,92
biography writing app,0,0,2,0,0%,0%,98,0
affordable art fair milan,0,0,2,0,0%,0%,99.5,0
gallery,0,0,2,1,0%,0%,150,10
art billionaires,0,0,1,0,0%,0%,5,0
espaitactel,0,0,1,0,0%,0%,5,0
unit gallery london instagram,0,0,1,0,0%,0%,6,0
art dealer playboi carti instagram,0,0,1,0,0%,0%,7,0
gallery anywhere,0,0,1,0,0%,0%,7,0
gallery top,0,0,1,1,0%,0%,7,31
how do you prepare,0,0,1,0,0%,0%,7,0
how to make an art,0,0,1,0,0%,0%,7,0
how do you make art,0,0,1,0,0%,0%,8,0
how to make arts,0,0,1,0,0%,0%,8,0
almost perfect tokyo,0,0,1,10,0%,0%,9,9.1
followers gallery,0,0,1,0,0%,0%,9,0
gallerie instagram,0,0,1,2,0%,0%,9,9
hungry painting,0,0,1,0,0%,0%,9,0
ig gallery,0,0,1,0,0%,0%,9,0
instagram art museum,0,0,1,5,0%,0%,9,9
billionaire art collector,0,0,1,0,0%,0%,10,0
gallery on,0,0,1,0,0%,0%,10,0
how to write artist bio,0,0,1,1,0%,0%,10,67
instagram galery,0,0,1,2,0%,0%,10,9
new art instagram,0,0,1,2,0%,0%,10,9.5
simple art gallery plan,0,0,1,0,0%,0%,10,0
4art app,0,0,1,0,0%,0%,11,0
5 art accounts to follow on instagram,0,0,1,0,0%,0%,11,0
könig galerie instagram,0,0,1,0,0%,0%,11,0
the art of instagram,0,0,1,1,0%,0%,11,31
best gallery software,0,0,1,0,0%,0%,12,0
los angeles artists instagram,0,1,1,4,0%,25%,12,10.5
artwork inventory excel template,0,0,1,0,0%,0%,14,0
art gallery website software,0,0,1,2,0%,0%,15,13.5
bulkrezise,0,0,1,0,0%,0%,16,0
exhibition plans,0,0,1,2,0%,0%,17,23
exhibition space mockup,0,0,1,0,0%,0%,17,0
art exhibition planning,0,1,1,6,0%,16.67%,18,15.67
follow the current,0,0,1,0,0%,0%,19,0
inventory art,0,0,1,1,0%,0%,19,19
what is instagram gallery,0,0,1,0,0%,0%,19,0
biggest artists on instagram,0,0,1,0,0%,0%,20,0
managing an art gallery,0,0,1,2,0%,0%,20,18
top art accounts on instagram,0,0,1,0,0%,0%,20,0
art exhibition interior design,0,0,1,0,0%,0%,21,0
art instagrams to follow,0,0,1,0,0%,0%,21,0
art collection software,0,0,1,1,0%,0%,22,24
art on instagram,0,0,1,0,0%,0%,23,0
art fair italy,0,0,1,2,0%,0%,25,25.5
first art fair,0,0,1,0,0%,0%,25,0
management of art galleries pdf,0,0,1,5,0%,0%,26,27
names for art pages on instagram,0,0,1,0,0%,0%,27,0
art gallery design plan,0,0,1,12,0%,0%,28,11.83
hong kong artist instagram,0,0,1,2,0%,0%,28,20.5
how to plan an art exhibition,0,0,1,3,0%,0%,28,32.67
how to design an art gallery,0,0,1,7,0%,0%,29,17.14
information artwork,0,0,1,2,0%,0%,29,43
top contemporary art galleries,0,0,1,1,0%,0%,29,27
name art instagram,0,0,1,2,0%,0%,30,31.5
art pages instagram,0,0,1,1,0%,0%,31,37
instagram page art,0,0,1,6,0%,0%,31,38.5
most followed instagram artists,0,0,1,0,0%,0%,31,0
art featuring pages on instagram,0,0,1,0,0%,0%,32,0
art gallery set up,0,0,1,1,0%,0%,32,30
artist residency in japan,0,0,1,0,0%,0%,32,0
artist statemnet,0,0,1,0,0%,0%,33,0
los angeles galleries for emerging artists,0,0,1,0,0%,0%,33,0
art exhibition mockup,0,0,1,2,0%,0%,34,27
artist statement how to write,0,0,1,0,0%,0%,34,0
art residency in japan,0,0,1,1,0%,0%,35,37
how to manage an artist pdf,0,0,1,1,0%,0%,35,30
the artist statement,0,0,1,0,0%,0%,36,0
art page name for instagram,0,0,1,1,0%,0%,37,31
art therapy instagram,0,0,1,1,0%,0%,37,35
art follow instagram now,0,0,1,1,0%,0%,38,34
art names for instagram,0,0,1,1,0%,0%,38,45
exhibition floor plan layout,0,0,1,1,0%,0%,38,57
gallery exhibition mockup,0,0,1,1,0%,0%,38,39
most popular art instagram accounts,0,0,1,0,0%,0%,38,0
art collective instagram,0,0,1,0,0%,0%,39,0
art exhibition set up,0,0,1,0,0%,0%,39,0
art painting galleries,0,0,1,0,0%,0%,39,0
art gallery management database,0,0,1,0,0%,0%,41,0
art gallery sketchup,0,0,1,0,0%,0%,41,0
design gallery tool,0,0,1,0,0%,0%,41,0
abstract artists instagram,0,0,1,0,0%,0%,42,0
art3f luxembourg,0,0,1,0,0%,0%,42,0
fine art instagram,0,0,1,2,0%,0%,42,55.5
instagram username for artist,0,0,1,0,0%,0%,42,0
management artists instagram,0,0,1,0,0%,0%,42,0
art in digital age,0,0,1,0,0%,0%,43,0
how to write a artist statement,0,0,1,1,0%,0%,43,86
international art dealer,0,0,1,6,0%,0%,43,65.33
top 5 art galleries in the world,0,0,1,0,0%,0%,43,0
simple cell bulk,0,0,1,0,0%,0%,44,0
art designing software,0,0,1,1,0%,0%,45,40
instagram theme for artists,0,0,1,1,0%,0%,45,45
write artist statement,0,0,1,1,0%,0%,46,92
art galleries in london looking for new artists,0,0,1,0,0%,0%,47,0
artistic instagram names,0,0,1,0,0%,0%,47,0
berich ltd,0,0,1,1,0%,0%,47,57
best instagram art,0,0,1,1,0%,0%,47,25
painters to follow on instagram,0,0,1,0,0%,0%,47,0
photo art instagram,0,0,1,1,0%,0%,47,31
art3f brussels,0,0,1,1,0%,0%,48,48
design art gallery,0,0,1,0,0%,0%,48,0
jacques muller artist,0,0,1,1,0%,0%,48,53
new art world,0,0,1,0,0%,0%,48,0
what is artwork management,0,0,1,1,0%,0%,48,50
art 5 gallery,0,0,1,0,0%,0%,49,0
best instagram accounts for art,0,0,1,0,0%,0%,49,0
art about technology,0,0,1,0,0%,0%,50,0
art for today,0,0,1,0,0%,0%,50,0
affordable art fair paris,0,0,1,3,0%,0%,51,66.33
top insta,0,0,1,0,0%,0%,51,0
best artistic instagram accounts,0,0,1,0,0%,0%,52,0
instagram abstract art,0,0,1,1,0%,0%,52,60
martial arts instagram,0,0,1,0,0%,0%,52,0
art fair booth set up,0,0,1,0,0%,0%,53,0
messeplatz 10 basel,0,0,1,0,0%,0%,54,0
artist residence japan,0,0,1,0,0%,0%,55,0
instagram username for art page,0,0,1,0,0%,0%,55,0
best artist to follow on instagram,0,0,1,2,0%,0%,56,64.5
hottest contemporary artists,0,0,1,0,0%,0%,56,0
koenig gallery london,0,0,1,3,0%,0%,56,62
top instagram,0,0,1,0,0%,0%,56,0
world art galleries,0,0,1,0,0%,0%,57,0
marts virtual operational,0,0,1,0,0%,0%,58,0
names for instagram art page,0,0,1,0,0%,0%,58,0
the gallery world,0,0,1,1,0%,0%,58,74
tool artist,0,0,1,0,0%,0%,58,0
abstract art instagram,0,0,1,0,0%,0%,59,0
getting your art in a gallery,0,0,1,0,0%,0%,59,0
how to get started with art,0,0,1,2,0%,0%,59,74
artwork stock,0,0,1,0,0%,0%,60,0
insta talent,0,0,1,0,0%,0%,60,0
top art galleries,0,0,1,0,0%,0%,60,0
emerging artists paintings,0,0,1,2,0%,0%,61,79
3d art gallery,0,0,1,4,0%,0%,62,70.5
art database app,0,0,1,0,0%,0%,62,0
noteworthy to mention,0,0,1,2,0%,0%,62,69
packaging artworks,0,0,1,1,0%,0%,62,69
top emerging artists,0,0,1,2,0%,0%,62,45.5
artistic name for instagram,0,0,1,0,0%,0%,63,0
how to start an art page on instagram,0,0,1,1,0%,0%,64,62
art instagram now,0,0,1,0,0%,0%,65,0
artist boeking software,0,0,1,0,0%,0%,65,0
popular art galleries,0,0,1,0,0%,0%,65,0
artist residencies japan,0,0,1,1,0%,0%,66,63
exhibitiondesign,0,0,1,0,0%,0%,66,0
how to start an art account on instagram,0,0,1,2,0%,0%,66,70.5
international art fairs,0,0,1,1,0%,0%,67,24
virtual gallery 3d,0,0,1,0,0%,0%,69,0
artworld gallery,0,0,1,0,0%,0%,70,0
get instagram followers as an artist,0,0,1,2,0%,0%,70,70
how to write a portfolio bio,0,0,1,0,0%,0%,70,0
what is artist statement,0,0,1,0,0%,0%,70,0
artists software,0,0,1,5,0%,0%,71,66.6
biggest art collectors,0,0,1,1,0%,0%,71,63
exhibition designing,0,0,1,1,0%,0%,71,93
layout design software,0,0,1,1,0%,0%,71,88
software art design,0,0,1,0,0%,0%,71,0
top art galleries in los angeles,0,0,1,1,0%,0%,71,90
inventory management software images,0,0,1,1,0%,0%,72,56
simple artist statement,0,0,1,0,0%,0%,73,0
5 gallery,0,0,1,1,0%,0%,74,82
gart gallery,0,0,1,1,0%,0%,74,66
art gallery business,0,0,1,1,0%,0%,75,74
artistic statement,0,0,1,0,0%,0%,75,0
create virtual art gallery,0,0,1,0,0%,0%,75,0
how to plan an expo,0,0,1,0,0%,0%,75,0
wettsteinplatz 1,0,0,1,0,0%,0%,76,0
গ্যালারি সফটওয়্যার,0,0,1,0,0%,0%,76,0
how to create an art gallery,0,0,1,0,0%,0%,77,0
how to promote art on instagram,0,0,1,0,0%,0%,77,0
illustration challenge instagram,0,0,1,0,0%,0%,77,0
technology in the art world,0,0,1,0,0%,0%,77,0
how to get instagram followers as an artist,0,0,1,0,0%,0%,78,0
gallery art work,0,0,1,0,0%,0%,79,0
los angeles art dealer,0,0,1,2,0%,0%,79,86
art work gallery,0,0,1,0,0%,0%,80,0
design layout software,0,0,1,1,0%,0%,80,90
exhibition mockup free,0,0,1,0,0%,0%,80,0
how to manage artists to success,0,0,1,0,0%,0%,80,0
sketchup vs floorplanner,0,0,1,1,0%,0%,80,62
follow for instagram,0,0,1,0,0%,0%,81,0
art fairs in florida,0,0,1,0,0%,0%,82,0
art galleries online free,0,0,1,0,0%,0%,82,0
pictures of art gallery,0,0,1,0,0%,0%,82,0
write own biography,0,0,1,0,0%,0%,82,0
important or noteworthy,0,0,1,0,0%,0%,83,0
art gallery system,0,0,1,3,0%,0%,84,73.67
best art,0,0,1,0,0%,0%,84,0
free download microsoft picture manager 2010,0,0,1,1,0%,0%,84,82
art fairs los angeles 2019,0,0,1,0,0%,0%,86,0
floorplanner vs sketchup,0,0,1,1,0%,0%,86,83
artistic art gallery,0,0,1,0,0%,0%,87,0
biggest art galleries in the world,0,0,1,0,0%,0%,87,0
bulk picture,0,0,1,1,0%,0%,87,78
how to write and artist statement,0,0,1,2,0%,0%,87,84
instagram painters,0,0,1,0,0%,0%,87,0
how to write talambuhay,0,0,1,0,0%,0%,88,0
creating an online art gallery,0,0,1,0,0%,0%,89,0
how to start an artist statement,0,0,1,0,0%,0%,90,0
decorating software,0,0,1,0,0%,0%,91,0
fine art photography instagram,0,0,1,2,0%,0%,91,86
bulk picture editor,0,0,1,1,0%,0%,92,93
parkhaus messe basel,0,0,1,1,0%,0%,92,88
3d blueprint program,0,0,1,0,0%,0%,93,0
business plan for art gallery,0,0,1,0,0%,0%,94,0
art basel parking,0,0,1,1,0%,0%,95,99
art tech com,0,0,1,0,0%,0%,95,0
bulk artwork,0,0,1,1,0%,0%,95,77
floor plan maker software,0,0,1,0,0%,0%,95,0
galerist,0,0,1,0,0%,0%,96,0
how to get my art in a gallery,0,0,1,0,0%,0%,96,0
online art gallery free,0,0,1,1,0%,0%,96,98
tokyo word art,0,0,1,1,0%,0%,96,84
art gallery purpose,0,0,1,0,0%,0%,97,0
best art galleries in los angeles,0,0,1,1,0%,0%,97,99
anywhere somewhere,0,0,1,0,0%,0%,98,0
art rotterdam 2018,0,0,1,0,0%,0%,98,0
art tech home,0,0,1,0,0%,0%,98,0
artistic instagram accounts,0,0,1,0,0%,0%,98,0
bulkresize,0,0,1,0,0%,0%,98,0
artfair,0,0,1,0,0%,0%,99,0
how do i get my art in a gallery,0,0,1,0,0%,0%,99,0
how to get popular on instagram art,0,0,1,0,0%,0%,99,0
track artwork,0,0,1,0,0%,0%,99,0
when to post art on instagram,0,0,1,0,0%,0%,99,0
art and technology relationship,0,0,1,0,0%,0%,100,0
blueprint drawing software free,0,0,1,1,0%,0%,100,95
device inventory management app template,0,0,1,0,0%,0%,100,0
how to write a biography,0,0,1,0,0%,0%,100,0
blessings on your journey,0,0,1,1,0%,0%,101,89
it is noteworthy to mention,0,0,1,2,0%,0%,101,57.5
microsoft sharepoint designer 2010 picture manager,0,0,1,0,0%,0%,101,0
feed the world artists,0,0,1,1,0%,0%,103,102
artist statement guidelines,0,0,1,0,0%,0%,105,0
free online art gallery,0,0,1,0,0%,0%,108,0
coding artist,0,0,1,0,0%,0%,118,0
best contemporary art galleries,0,0,1,1,0%,0%,122,54
gallery artist statement,0,0,1,0,0%,0%,198,0
tool gallery,0,1,0,6,0%,16.67%,0,7.5
artwork management systems,0,0,0,48,0%,0%,0,44.31
painter management app,0,0,0,48,0%,0%,0,48.9
art fair,0,0,0,19,0%,0%,0,4.47
top galleries in berlin,0,0,0,15,0%,0%,0,72.4
management for artists,0,0,0,7,0%,0%,0,84.57
gallery manager software,0,0,0,5,0%,0%,0,6.4
the blessings gallery,0,0,0,5,0%,0%,0,10.2
the other art fair,0,0,0,4,0%,0%,0,2.5
manage art gallery,0,0,0,4,0%,0%,0,4.75
art&tech,0,0,0,4,0%,0%,0,7.5
espai tactel,0,0,0,4,0%,0%,0,22.75
art gallery layout design,0,0,0,4,0%,0%,0,23
best virtual exhibition software,0,0,0,4,0%,0%,0,85.5
art of tech,0,0,0,3,0%,0%,0,10
young artists on instagram,0,0,0,3,0%,0%,0,10.33
london artists instagram,0,0,0,3,0%,0%,0,13.33
spacearotworkig,0,0,0,3,0%,0%,0,17.33
how to catalog artwork,0,0,0,3,0%,0%,0,41.67
gallery manager,0,0,0,3,0%,0%,0,45
account collector,0,0,0,3,0%,0%,0,53.67
digital exhibition design,0,0,0,3,0%,0%,0,56.33
artist bio instagram,0,0,0,3,0%,0%,0,61.33
art gallery price list,0,0,0,3,0%,0%,0,65
топ инстаграм мира,0,0,0,3,0%,0%,0,68
space plan software,0,0,0,3,0%,0%,0,71
name for art instagram account,0,0,0,3,0%,0%,0,80
art festival,0,0,0,2,0%,0%,0,4.5
galerie könig berlin instagram,0,0,0,2,0%,0%,0,6
software for galleries,0,0,0,2,0%,0%,0,9
art eye gallery instagram,0,0,0,2,0%,0%,0,9.5
instagram and art,0,0,0,2,0%,0%,0,16.5
artists management software,0,0,0,2,0%,0%,0,23
bence build,0,0,0,2,0%,0%,0,27.5
top art instagram accounts,0,0,0,2,0%,0%,0,30.5
interior design mockup software,0,0,0,2,0%,0%,0,32.5
instagram to gallery,0,0,0,2,0%,0%,0,33
art instagram,0,0,0,2,0%,0%,0,34
artists who are billionaires,0,0,0,2,0%,0%,0,34
how to set up a gallery,0,0,0,2,0%,0%,0,37
london through the eyes of an art enthusiast,0,0,0,2,0%,0%,0,44
name for instagram page for art,0,0,0,2,0%,0%,0,44.5
instagram painters to follow,0,0,0,2,0%,0%,0,46
art gallery expenses,0,0,0,2,0%,0%,0,49
best art gallery names,0,0,0,2,0%,0%,0,51.5
instagram gallery post,0,0,0,2,0%,0%,0,51.5
art instagram account names,0,0,0,2,0%,0%,0,54
social media for art galleries,0,0,0,2,0%,0%,0,57.5
sales tracking system invented by commence,0,0,0,2,0%,0%,0,58
instagram fine art photography,0,0,0,2,0%,0%,0,60
artist manager software,0,0,0,2,0%,0%,0,64
collectors unlimited,0,0,0,2,0%,0%,0,67
online art gallery app,0,0,0,2,0%,0%,0,71
art fairs near me,0,0,0,2,0%,0%,0,72.5
inventory coding,0,0,0,2,0%,0%,0,76
best software for artists,0,0,0,2,0%,0%,0,80.5
best contemporary art galleries london,0,0,0,2,0%,0%,0,85.5
floor plan of art gallery,0,0,0,2,0%,0%,0,90
gallery layout design,0,0,0,2,0%,0%,0,90.5
art gallery budapest,0,0,0,2,0%,0%,0,95
illustration residency,0,0,0,2,0%,0%,0,95
tokyo art city,0,0,0,2,0%,0%,0,96.5
how to set up an art exhibition,0,0,0,2,0%,0%,0,97.5
inventory database freeware,0,0,0,2,0%,0%,0,97.5
simple exhibition layout,0,0,0,1,0%,0%,0,1
art show booth ideas,0,0,0,1,0%,0%,0,2
how to be successful at an art fair,0,0,0,1,0%,0%,0,2
winnie the pooh rom,0,0,0,1,0%,0%,0,3
art booth ideas,0,0,0,1,0%,0%,0,5
art gallery inventory management,0,0,0,1,0%,0%,0,5
i need a gallery,0,0,0,1,0%,0%,0,5
orama art gallery instagram,0,0,0,1,0%,0%,0,6
outsider art fair,0,0,0,1,0%,0%,0,6
tool artworks,0,0,0,1,0%,0%,0,8
art gallery plan design,0,0,0,1,0%,0%,0,9
perfect biography,0,0,0,1,0%,0%,0,9
@__sheart_gallery instagram,0,0,0,1,0%,0%,0,10
art gallery plan layout,0,0,0,1,0%,0%,0,10
intertwined artwork,0,0,0,1,0%,0%,0,10
top art instagram,0,0,0,1,0%,0%,0,11
current art trends on instagram,0,0,0,1,0%,0%,0,12
ismael chappaz,0,0,0,1,0%,0%,0,13
artist to follow,0,0,0,1,0%,0%,0,17
top art pages on instagram,0,0,0,1,0%,0%,0,18
unlimited art gallery,0,0,0,1,0%,0%,0,18
instagram exhibitions,0,0,0,1,0%,0%,0,20
list of international art fairs 2020,0,0,0,1,0%,0%,0,22
portraits gallery instagram,0,0,0,1,0%,0%,0,22
best instagram names for artist,0,0,0,1,0%,0%,0,23
managed artwork,0,0,0,1,0%,0%,0,23
4art technologies,0,0,0,1,0%,0%,0,26
instragram art,0,0,0,1,0%,0%,0,26
best visual artists on instagram,0,0,0,1,0%,0%,0,27
art collector software,0,0,0,1,0%,0%,0,28
art fairs,0,0,0,1,0%,0%,0,28
how to package artwork,0,0,0,1,0%,0%,0,28
works best,0,0,0,1,0%,0%,0,28
art and instagram,0,0,0,1,0%,0%,0,30
top art gallery in the world,0,0,0,1,0%,0%,0,30
best instagram artists to follow,0,0,0,1,0%,0%,0,31
collaborations with,0,0,0,1,0%,0%,0,31
art gallery layouts,0,0,0,1,0%,0%,0,33
most followed painter on instagram,0,0,0,1,0%,0%,0,33
name for art page on insta,0,0,0,1,0%,0%,0,33
artists supporting artists instagram,0,0,0,1,0%,0%,0,34
instagram art posts,0,0,0,1,0%,0%,0,34
exhibition space floor plan,0,0,0,1,0%,0%,0,35
the best art gallery in the world,0,0,0,1,0%,0%,0,35
local art dealers,0,0,0,1,0%,0%,0,38
best art world,0,0,0,1,0%,0%,0,39
floorplanner sketchup,0,0,0,1,0%,0%,0,39
follow for,0,0,0,1,0%,0%,0,39
instagram names for artists,0,0,0,1,0%,0%,0,39
abstract artists on instagram,0,0,0,1,0%,0%,0,40
exhibition room plan,0,0,0,1,0%,0%,0,40
art systems software,0,0,0,1,0%,0%,0,41
art trends gallery,0,0,0,1,0%,0%,0,41
hungry artwork,0,0,0,1,0%,0%,0,42
4art technology,0,0,0,1,0%,0%,0,43
artistic photography instagram,0,0,0,1,0%,0%,0,48
biggest art collectors in the world,0,0,0,1,0%,0%,0,48
art of instagram,0,0,0,1,0%,0%,0,51
best gallery,0,0,0,1,0%,0%,0,51
artworks instagram,0,0,0,1,0%,0%,0,53
best artist residencies in japan,0,0,0,1,0%,0%,0,53
art galleries photography,0,0,0,1,0%,0%,0,54
create online art gallery free,0,0,0,1,0%,0%,0,54
best artists in instagram,0,0,0,1,0%,0%,0,56
europartfair amsterdam,0,0,0,1,0%,0%,0,57
cool galleries in london,0,0,0,1,0%,0%,0,58
expo floor plan software,0,0,0,1,0%,0%,0,58
top galleries london,0,0,0,1,0%,0%,0,59
best instagram painters,0,0,0,1,0%,0%,0,60
exhibition layouts,0,0,0,1,0%,0%,0,60
painters instagram,0,0,0,1,0%,0%,0,60
how to promote artwork on instagram,0,0,0,1,0%,0%,0,61
instagram top 5,0,0,0,1,0%,0%,0,61
art tool,0,0,0,1,0%,0%,0,62
online exhibition tool,0,0,0,1,0%,0%,0,63
top art collectors in the world,0,0,0,1,0%,0%,0,63
online exhibition tools,0,0,0,1,0%,0%,0,64
set up gallery,0,0,0,1,0%,0%,0,64
instagram digital artists,0,0,0,1,0%,0%,0,65
how to set scale in sketchup layout,0,0,0,1,0%,0%,0,66
instagram showcase,0,0,0,1,0%,0%,0,66
virtual gallery software free,0,0,0,1,0%,0%,0,66
amsterdam art calendar,0,0,0,1,0%,0%,0,67
top galleries in the world,0,0,0,1,0%,0%,0,69
brian scott artist biography,0,0,0,1,0%,0%,0,70
different careers in art,0,0,0,1,0%,0%,0,70
almost perfect,0,0,0,1,0%,0%,0,71
tool artist artwork,0,0,0,1,0%,0%,0,71
art account instagram,0,0,0,1,0%,0%,0,72
artist residence budapest,0,0,0,1,0%,0%,0,72
online free art gallery,0,0,0,1,0%,0%,0,72
world art fair,0,0,0,1,0%,0%,0,72
daily art fair,0,0,0,1,0%,0%,0,73
microsoft picture manager online editing,0,0,0,1,0%,0%,0,74
painting instagram accounts,0,0,0,1,0%,0%,0,74
control artwork,0,0,0,1,0%,0%,0,75
art promotion instagram accounts,0,0,0,1,0%,0%,0,76
free cataloguing software,0,0,0,1,0%,0%,0,76
art gallery interview,0,0,0,1,0%,0%,0,78
art account on instagram,0,0,0,1,0%,0%,0,79
artist bio first or third person,0,0,0,1,0%,0%,0,79
microsoft picture manager for mac,0,0,0,1,0%,0%,0,79
how to get started in art,0,0,0,1,0%,0%,0,80
layout designing software,0,0,0,1,0%,0%,0,80
biggest art galleries,0,0,0,1,0%,0%,0,81
art gallery email list,0,0,0,1,0%,0%,0,82
free plan design software,0,0,0,1,0%,0%,0,82
artwork logiciel,0,0,0,1,0%,0%,0,83
artwork unlimited,0,0,0,1,0%,0%,0,83
best art galleries in germany,0,0,0,1,0%,0%,0,83
brafa art fair 2018,0,0,0,1,0%,0%,0,84
new art projects london,0,0,0,1,0%,0%,0,84
virtual 3d art gallery,0,0,0,1,0%,0%,0,84
art show booth supplies,0,0,0,1,0%,0%,0,85
create a virtual art gallery,0,0,0,1,0%,0%,0,85
microsoft office picture manager 2010 free download,0,0,0,1,0%,0%,0,85
names for art gallery,0,0,0,1,0%,0%,0,85
world best art gallery,0,0,0,1,0%,0%,0,88
best virtual art gallery software,0,0,0,1,0%,0%,0,89
art galleries,0,0,0,1,0%,0%,0,90
create online art gallery,0,0,0,1,0%,0%,0,90
how to set up an online art gallery,0,0,0,1,0%,0%,0,90
layouts for art,0,0,0,1,0%,0%,0,90
sharing artwork,0,0,0,1,0%,0%,0,90
web album software,0,0,0,1,0%,0%,0,90
coding is an art,0,0,0,1,0%,0%,0,92
lucca art fair,0,0,0,1,0%,0%,0,92
free blueprint drawing software,0,0,0,1,0%,0%,0,93
simple exhibition design idea,0,0,0,1,0%,0%,0,93
and tech,0,0,0,1,0%,0%,0,94
cataloguing artwork,0,0,0,1,0%,0%,0,94
you don t have to be rich,0,0,0,1,0%,0%,0,94
best galleries berlin,0,0,0,1,0%,0%,0,95
layout designer software,0,0,0,1,0%,0%,0,95
top 5 on instagram,0,0,0,1,0%,0%,0,95
art gallery floor plan,0,0,0,1,0%,0%,0,96
artist statement how to,0,0,0,1,0%,0%,0,96
best photography galleries in the world,0,0,0,1,0%,0%,0,96
illustrator in residence,0,0,0,1,0%,0%,0,96
space designer 3d tutorial,0,0,0,1,0%,0%,0,96
best of contemporary art,0,0,0,1,0%,0%,0,97
best photography galleries london,0,0,0,1,0%,0%,0,98
budapest art gallery,0,0,0,1,0%,0%,0,98
how to create an exhibition,0,0,0,1,0%,0%,0,98
new art gallery london,0,0,0,1,0%,0%,0,98
how to write about an artist,0,0,0,1,0%,0%,0,99
international art dealers,0,0,0,1,0%,0%,0,99
start online art gallery,0,0,0,1,0%,0%,0,99
art galleries names,0,0,0,1,0%,0%,0,100
art gallery pos system,0,0,0,1,0%,0%,0,100
create your own online art gallery,0,0,0,1,0%,0%,0,100
exhibition management software,0,0,0,1,0%,0%,0,100
how to get rich in la,0,0,0,1,0%,0%,0,100
hungry art,0,0,0,1,0%,0%,0,100
top 5 instagram accounts,0,0,0,1,0%,0%,0,101
emerging artist bio,0,0,0,1,0%,0%,0,164
artists,0,0,0,1,0%,0%,0,176